"iso3c","Entity","Days_Until_All_Vulnerable_Vacc_Elig","Percent_One_Dose_As_Of_Nov_1","Days_Until_Masks_Recommended","Days_Until_Masks_Required","Total_Days_Masks_Required_Public","Total_Days_Masks_At_Least_Recommended","Days_Until_Workplace_Closures_Except_Key","Total_Days_Workplace_Closures_Except_Key","Total_Days_Workplace_Closures_Recommended","Total_Days_Stay_At_Home_Required_Except_Essentials","Total_Days_Comprehensive_Contact_Tracing","Avg_Gov_Stringency_Index","Days_Until_Income_Support","Total_Days_Income_Support","Total_Freeze_Some_Financial_Obligations","Days_Until_Freeze_Some_Financial_Obligations","Days_Until_Testing_Key_Groups","Total_Days_Open_Public_Testing","Total_Days_Over_1_Test_Per_Thousand","Average_Tests_Per_Thousand_Per_Day","Obese_Adult_Percentage","Urban_Pop_Percentage","Hospital_Beds_Per_1000","Nurses_And_Midwives_Per_1000","Percent_Using_Internet","Population","People_Per_Sq_Km_of_Land","Adult_Literacy_Rate","Percent_Ppl_Poor_Air_Quality","GDP_Per_Capita","Health_Expenditure_Per_Capita","Percent_Health_Expenditure_Private","Total_Cases_Per_1000_People","Age_65_Older_Percent","Ages_15_To_64_Percent","Ages_0_To_14_Percent","Region.Name","Sub.region.Name"
"ABW","Aruba",469,77.1,216,240,270,454,88,36,394,261,203,48.4520401337792,91,495,266,91,69,0,0,NA,NA,43.697,NA,NA,97.17,106766,593.144444444444,97.8074188232422,NA,30253.2793580195,NA,NA,148.561034,14.6057733735459,68.012288556282,17.3819380701722,"Americas","Latin America and the Caribbean"
"AFG","Afghanistan",555,2.08,117,158,390,521,83,139,394,173,18,39.0972402597403,NA,0,31,121,53,299,0,NA,4.5,26.026,0.39,0.4461,18.4,38928341,59.6273948472873,31.4488506317139,100,516.747870807558,65.80603027,79.39915466,3.922388,2.6490696522272,55.5283288943229,41.8226014534499,"Asia","Southern Asia"
"AGO","Angola",428,13.26,99,99,503,571,86,27,584,149,0,64.7806429780035,114,119,127,99,56,103,0,NA,6.8,66.825,NA,0.4075,36,32866268,26.3626116948745,66.0301132202148,100,1776.16686789531,71.32600403,55.60569763,1.898796,2.19146242080635,51.4131751845783,46.3953623946154,"Africa","Sub-Saharan Africa"
"ALB","Albania",562,35.29,55,196,360,615,NA,0,600,434,423,57.1717560975607,78,592,591,79,67,157,185,0.651674626865672,22.3,62.112,2.89,5.088,72.24,2837849,103.571131386861,98.1411514282227,99.9999999999643,5246.09634560989,274.91409302,44.65778351,64.498523,14.7045813168893,68.0595608376824,17.2358578454283,"Europe","Southern Europe"
"AND","Andorra",429,71.1,70,196,353,600,73,37,597,13,460,48.4928899835796,72,598,458,119,61,330,406,3.35499552238806,28,87.916,NA,4.0128,91.56746703,77265,164.393617021277,NA,17.8244594869492,40897.3308728669,2744.19433594,30.51295662,200.584327,NA,NA,NA,"Europe","Southern Europe"
"ARE","United Arab Emirates",382,96.62,94,94,535,576,NA,0,610,40,639,54.3620404984422,NA,0,548,91,69,567,579,13.8084104477612,29.9,87.048,1.38,5.7271,100,9890400,139.262179667699,97.5569229125977,100,36284.5552429552,1842.69445801,47.70216751,74.056536,1.26440765501746,83.9215129981572,14.8140793468253,"Asia","Western Asia"
"ARG","Argentina",461,76.88,104,104,555,566,78,137,592,561,607,72.3652388059696,82,568,586,84,63,0,232,0.827552238805971,28.5,92.111,4.99,2.5996,85.5,45376763,16.580892611147,99.0038681030273,93.8528246666324,8579.01777315683,945.99194336,37.38851166,115.967801,11.3665118336064,64.1981770242501,24.4353111421435,"Americas","Latin America and the Caribbean"
"AUS","Australia",446,73.88,194,211,329,476,214,184,588,334,646,60.5675038759691,71,384,368,84,24,192,529,2.48143731343284,30.4,86.241,3.84,13.2416,89.6,25693267,3.34024963533636,NA,24.8935837696774,51680.3165229438,5427.46240234,28.31803894,6.670876,16.2130580672445,64.4945169162338,19.2924250165216,"Oceania","Australia and New Zealand"
"AUT","Austria",408,66.19,91,257,413,579,75,125,599,257,581,61.9462113821137,78,592,595,75,31,369,442,15.8657910447761,21.9,58.748,7.27,7.0891,87.52942813,8916864,108.057004362579,NA,85.0515376653505,48588.6593847921,5242.18310547,26.99225616,90.927065,19.2040036427437,66.3838195913616,14.4121767658946,"Europe","Western Europe"
"AZE","Azerbaijan",451,48.82,154,154,362,516,90,127,588,200,606,74.0255737704918,98,402,56,400,57,38,75,0.280126865671642,19.9,56.397,4.82,6.4338,84.59999573,10093121,122.112916495269,99.7959823608398,100,4221.40747847848,193.10884094,67.96251678,51.976144,6.74162212574058,69.7430866430283,23.5152912312311,"Asia","Western Asia"
"BDI","Burundi",706,0.01,187,397,15,473,NA,0,225,0,37,14.9778965517241,275,311,258,336,90,7,0,NA,4.4,13.708,0.79,0.6628,9.4,11890781,463.036643302181,68.3753280639648,100,238.990725856496,20.56754112,40.96768951,1.635112,2.38013742407565,52.3679431061905,45.2519194697339,"Africa","Sub-Saharan Africa"
"BEL","Belgium",464,75.34,114,206,432,556,77,83,598,307,548,55.3487264150943,65,605,605,65,60,190,543,2.78296119402985,24.5,98.079,5.58,11.808,91.52641629,11544241,381.249702774108,NA,91.9485403518636,45205.3359408051,4960.39355469,23.22304344,116.971366,19.2542328598609,63.711796319863,17.033970820276,"Europe","Western Europe"
"BEN","Benin",453,1.92,98,98,572,572,NA,0,370,0,533,42.3819663865545,161,480,480,161,67,0,0,NA,8.2,48.415,0.5,0.3029,25.8,12123198,107.513284852785,42.3624000549316,100,1291.04097215441,29.12529182,53.01073074,1.987707,3.27846608156262,54.776956579121,41.9445773393164,"Africa","Sub-Saharan Africa"
"BFA","Burkina Faso",585,1.51,117,117,511,553,NA,0,54,106,489,31.9578036605656,439,21,168,398,35,290,0,NA,4.5,30.607,0.4,0.9272,22,20903278,76.4008698830409,39.3458518981934,100,857.932729650223,42.3445282,42.38819504,0.688139,2.41102912448209,53.218670588094,44.3703002874239,"Africa","Sub-Saharan Africa"
"BGD","Bangladesh",454,25.13,150,150,520,520,78,361,592,546,136,77.0436815920403,103,31,505,78,60,279,0,0.0924298507462687,3.4,38.177,0.79,0.3916,24.8,164689383,1265.18693247292,74.9088973999023,100,1961.6137487886,45.85716248,75.25727081,9.437799,5.22700361322017,68.0184550815883,26.7545413051915,"Asia","Southern Asia"
"BGR","Bulgaria",383,22.23,89,89,338,581,349,17,598,37,459,47.8438640132671,89,581,570,100,67,97,338,1.17444029850746,27.4,75.686,7.45,4.7853,70.16,6934015,63.8726510685335,98.3524475097656,99.8946743201431,10079.2033812203,697.8963623,40.8441391,87.360032,21.4679255574449,63.8526029924681,14.679471450087,"Europe","Eastern Europe"
"BHR","Bahrain",359,67.35,99,99,571,571,85,14,593,128,617,56.202337662338,91,518,621,31,39,580,579,5.8616671641791,28.7,89.506,1.74,2.4944,99.67,1701583,2181.51666666667,90.9774017333984,100,20409.9528047731,940.39569092,40.79542923,158.342271,2.65119080851564,79.0664531390036,18.2823560524808,"Asia","Western Asia"
"BHS","Bahamas",462,33.32,78,98,572,592,79,141,591,581,597,68.6544873949579,81,441,290,76,63,175,7,0.0467477611940298,32.1,83.245,2.96,4.5669,87,393248,39.2855144855145,NA,99.9999999918088,25194.0251444381,2004.61633301,47.52725601,56.311947,7.74811567372929,70.6505375797215,21.6013467465492,"Americas","Latin America and the Caribbean"
"BIH","Bosnia and Herzegovina",472,24.44,88,88,452,582,76,55,594,259,0,47.9605115511549,60,362,383,60,55,103,89,0.591144776119403,19.4,49.02,3.49,5.7333,73.21,3280815,64.07841796875,96.9917678833008,99.9552350286901,6079.73828544838,553.82293701,29.73446846,77.45095,17.9157704219587,67.5617582073257,14.5224713707157,"Europe","Southern Europe"
"BLR","Belarus",510,29.23,84,309,256,576,NA,0,98,0,571,33.3908333333333,608,21,21,608,110,560,483,1.50277611940299,26.6,79.483,10.83,11.0027,85.09,9379952,46.211212927382,99.8740005493164,99.9313519680704,6424.15217642722,399.39709473,29.47942924,63.557816,15.5801955335848,67.1794476704839,17.2403567959313,"Europe","Eastern Europe"
"BLZ","Belize",454,55.27,121,121,549,549,91,69,591,279,518,68.6718197278917,75,528,434,195,84,67,159,0.659891044776119,22.4,46.025,1.04,2.3414,50.8,397621,17.4318719859711,NA,100,4115.17700795622,293.41259766,27.14195824,66.181791,5.00845010914724,65.7921474342853,29.1994024565674,"Americas","Latin America and the Caribbean"
"BMU","Bermuda",432,72.94,94,235,47,576,94,52,591,307,627,53.2175506756757,84,586,138,149,28,508,0,NA,NA,100,NA,NA,98.37,63903,1183.38888888889,NA,100,107079.479836627,NA,NA,90.945693,NA,NA,NA,"Americas","Northern America"
"BOL","Bolivia",559,38.55,121,152,518,549,81,96,404,371,41,58.205233333333,90,573,355,90,97,146,19,0.327382089552239,18.7,70.123,1.29,1.5589,59.94010155,11673029,10.7754352441614,92.455078125,99.9991320215104,3133.09980321504,245.92347717,27.63630486,43.402922,7.48720489751539,62.3098424992125,30.2029526032721,"Americas","Latin America and the Caribbean"
"BRA","Brazil",383,74.58,61,101,569,609,76,369,598,531,306,64.6948697068407,92,499,285,76,22,61,91,0.450028358208956,22.3,87.073,2.09,7.4008,81.34269353,212559409,25.4314248146119,93.2275009155273,68.1350300575805,6796.84454227877,853.38793945,59.11333466,101.940624,9.59227461561959,69.6985262243169,20.7091991600636,"Americas","Latin America and the Caribbean"
"BRB","Barbados",413,51.8,101,399,271,569,87,73,583,368,563,59.1079629629625,91,579,579,91,25,207,0,NA,24.8,31.191,5.97,3.06,81.76077839,287371,668.304651162791,99.5999984741211,100,15373.8547035017,1143.32202148,54.27687836,61.739681,16.7022183558069,66.5374510656807,16.7603305785124,"Americas","Latin America and the Caribbean"
"BRN","Brunei",491,79.88,41,584,86,629,586,84,441,84,378,46.5794518272426,87,185,365,91,68,444,0,NA,14.7,78.25,2.85,5.8974,95,437483,83.0138519924099,97.214111328125,0,27442.95382794,671.56268311,5.68010855,29.737369,5.5700959360335,72.1058610813319,22.3240429826346,"Asia","South-eastern Asia"
"BTN","Bhutan",427,75.43,70,226,444,600,223,126,584,281,605,68.9264462809916,100,516,570,100,40,244,457,2.28755820895524,5.8,42.316,1.74,1.8294,53.5,771612,20.2310435238595,66.561149597168,100,3000.77932702976,115.98075867,19.4673481,3.360687,6.20470497973064,68.9007890016693,24.8945060186001,"Asia","Southern Asia"
"BWA","Botswana",509,28.21,121,121,484,549,92,39,551,352,413,59.0735628227197,91,273,258,90,87,153,364,1.13358059701493,16.1,70.877,1.8,2.8515,64,2351625,4.14946270710921,86.8231811523438,100,6404.89993159074,481.53305054,15.32737446,77.837013,4.51219517380945,62.0840805110675,33.4037243151231,"Africa","Sub-Saharan Africa"
"CAF","Central African Republic",601,6.7,157,237,263,428,NA,0,213,161,91,32.8651174496645,73,323,120,237,107,0,0,NA,6.3,42.198,1,0.2063,10.4,4829764,7.75267905871778,37.3958206176758,100,492.79587119399,37.19958115,61.30540466,2.341063,2.79812670052199,53.660145510125,43.541727789353,"Africa","Sub-Saharan Africa"
"CAN","Canada",385,78.42,110,213,457,560,77,364,593,320,97,65.0509567901235,74,596,593,77,24,0,506,1.8034776119403,31.3,81.562,2.52,11.812,96.97,38037204,4.24257678524224,NA,0,43258.2638715601,5048.37255859,29.83252716,45.186769,18.1043615051754,66.1203862397467,15.775252255078,"Americas","Northern America"
"CHE","Switzerland",470,65.87,120,260,256,550,76,60,594,0,539,50.9408617886176,79,575,74,78,54,326,441,1.91942985074627,21.2,73.915,4.63,17.8949,94.2,8636561,218.558417938239,NA,49.3001362303515,87100.4148213751,9666.33789063,67.89052582,100.115725,19.0975411751085,65.94382747161,14.9586313532815,"Europe","Western Europe"
"CHL","Chile",425,85.89,98,342,196,572,75,540,595,555,581,73.5882982171795,92,514,480,86,85,293,460,1.79579104477612,28.8,87.727,2.06,13.3248,88.3,19116209,25.710001721513,96.4022827148438,97.6630177077565,13231.7042069381,1375.80297852,49.08281326,88.226945,12.2426574192226,68.5186141325884,19.2387284481891,"Americas","Latin America and the Caribbean"
"CHN","China",447,76.22,0,21,205,670,25,356,645,526,666,71.7588597842838,101,569,529,141,0,580,488,6.90563582089548,6.6,61.428,4.31,2.6621,70.40477542,1410929362,149.705447160568,96.8408889770508,99.9982944622564,10434.7751874839,535.13336182,44.02029037,0.075455,11.9682712029347,70.3199134118938,17.7118153851715,"Asia","Eastern Asia"
"CIV","Cote d'Ivoire",426,8.55,99,99,571,571,NA,0,134,0,284,34.0619166666667,162,363,580,90,75,68,0,0.0596074626865672,9,51.706,NA,0.6556,36.28895457,26378275,82.9505503144654,89.8934173583984,100,2325.72370502247,75.08779144,55.6829567,2.265759,2.88256919311703,55.6089568256058,41.5084739812772,"Africa","Sub-Saharan Africa"
"CMR","Cameroon",578,1.53,103,103,567,567,NA,0,163,0,0,41.3269917355372,152,66,176,152,96,70,0,NA,9.5,57.56,1.3,0.5267,37.8,26545864,56.1567641894608,77.0710372924805,100,1537.13021832773,53.99584961,82.43981934,3.764987,2.7161558092875,55.2199112908855,42.063932899827,"Africa","Sub-Saharan Africa"
"COD","Democratic Republic of Congo",734,0.12,91,110,560,579,NA,0,442,369,0,46.1764999999997,657,13,379,60,69,0,0,NA,5.6,45.638,NA,1.1101,13.6,89561404,39.5057030061093,77.0426788330078,100,543.950392515803,20.57073212,45.35538864,0.622118,3.0186708888426,51.1861398598233,45.7951892513341,"Africa","Sub-Saharan Africa"
"COG","Congo",475,5.12,120,120,550,550,87,121,514,583,7,54.247013422819,90,92,121,90,78,20,0,NA,8.4,67.829,NA,0.9311,8.65,5518092,16.1583953147877,80.2987594604492,100,1846.13129708695,48.55877304,54.056633,3.062215,2.76275093161815,55.9669863849555,41.2702626834263,"Africa","Sub-Saharan Africa"
"COL","Colombia",488,58.85,94,97,357,576,84,231,616,458,515,69.4843966942155,97,573,594,76,30,14,189,0.764413432835821,22.1,81.425,1.71,NA,69.79,50882884,45.8610941865705,95.6363296508789,92.1046289822956,5334.55604233917,495.32971191,28.11552811,97.577391,9.06056222316456,68.7558672717712,22.1835705050643,"Americas","Latin America and the Caribbean"
"COM","Comoros",NA,27.65,142,219,67,144,NA,0,0,0,0,NA,NA,0,0,NA,NA,0,0,NA,6.9,29.38,2.16,0.6285,8.478170295,869595,467.272971520688,58.8170204162598,100,1420.66174747221,72.32379913,66.36086273,4.79371,3.10579219665111,57.8743584701489,39.0198493331999,"Africa","Sub-Saharan Africa"
"CPV","Cape Verde",453,52.26,116,145,523,554,87,142,583,117,323,64.1585279187813,86,584,587,83,75,517,2,0.541141410957634,10.6,66.652,2.1,1.2983,64.5,555988,137.962282878412,86.7902908325195,100,3064.27238842819,177.89027405,27.39300728,68.010201,4.78572340720197,67.1326847570177,28.0815918357803,"Africa","Sub-Saharan Africa"
"CRI","Costa Rica",363,70,173,306,364,497,103,39,601,0,169,61.3441983471073,99,425,591,79,21,166,168,0.586646268656716,25.7,80.771,1.1,3.4144,80.53018608,5094114,99.7672150411281,97.8637924194336,99.6887933668832,12140.8541545754,921.58575439,27.46307182,108.910727,10.2530997515173,68.9188785968444,20.8280216516382,"Americas","Latin America and the Caribbean"
"CUB","Cuba",505,87.83,91,91,579,579,107,241,573,337,545,73.4343572621036,105,19,571,99,69,129,194,0.859517997485574,26.7,77.194,5.33,7.5614,74,11326616,109.119614643545,99.7525329589844,99.9999999999811,9477.85287326771,1031.92175293,10.5857048,84.11762,15.8934142377564,68.1858641627826,15.920721599461,"Americas","Latin America and the Caribbean"
"CYP","Cyprus",391,67.56,164,212,389,506,106,215,526,288,564,65.4967827529025,74,596,610,60,82,569,570,24.455695522388,22.6,66.821,3.4,4.0345,90.80194723,1207361,130.666774891775,98.6784286499023,100,27527.8453055825,1996.45825195,43.29400635,138.411058,14.4088046720155,69.0140215130711,16.5771738149134,"Asia","Western Asia"
"CZE","Czechia",440,58.27,77,77,335,593,73,37,598,168,610,54.2857704918031,90,580,599,71,68,320,419,5.70516119402985,28.5,74.061,6.62,8.4246,81.33889705,10697858,138.57329015544,NA,99.6772126159304,22933.4995909236,1844.21777344,18.5015831,164.379998,20.1429902620987,64.1014583927266,15.7555513451747,"Europe","Eastern Europe"
"DEU","Germany",420,69.91,91,NA,0,579,350,75,589,229,423,61.7874378881988,75,595,91,91,26,422,451,1.39691492537313,25.7,77.453,8,13.4858,89.81294133,83160871,238.024131318335,NA,89.1743564300489,46252.6893044892,5440.25146484,22.27397156,54.797666,21.6874493682811,64.3569551788337,13.9555954528852,"Europe","Western Europe"
"DJI","Djibouti",461,3.85,130,130,387,540,82,55,589,55,404,49.6222596964587,119,545,0,NA,77,97,0,NA,12.2,78.062,1.4,0.7288,59,988002,42.6230371009491,NA,100,3425.48417585803,61.80943298,25.57739258,13.448454,4.70647773279352,66.3812753036437,28.9122469635628,"Africa","Sub-Saharan Africa"
"DMA","Dominica",412,38.51,106,106,325,564,91,123,189,146,582,45.0696264855689,139,360,137,139,81,545,0,NA,28.2,71.09,3.8,6.0979,69.61966879,71991,95.988,NA,100,7003.85902147233,440.16986084,34.82003021,66.82647,NA,NA,NA,"Americas","Latin America and the Caribbean"
"DNK","Denmark",366,76.56,190,577,59,480,369,47,600,0,93,50.3746551724138,68,547,272,108,70,538,558,10.9662149253731,21.3,88.116,2.6,10.5515,96.54914573,5831404,145.7851,NA,56.9144561104444,61063.3164304238,6003.32519531,16.71035385,66.706151,20.1639894465007,63.554275213468,16.2817353400313,"Europe","Northern Europe"
"DOM","Dominican Republic",489,61.42,121,121,549,549,78,62,592,519,0,70.200213114754,86,495,0,NA,81,166,0,0.300844776119403,26.9,82.54,1.56,1.4594,76.9,10847904,224.547795487477,93.7784576416016,99.9134426224712,7268.1969096591,491.05935669,54.26577377,34.843616,7.52769888393248,65.0329602660789,27.4393408499886,"Americas","Latin America and the Caribbean"
"DZA","Algeria",396,14.26,113,113,527,527,89,25,588,576,491,66.2937398373984,103,230,576,94,81,0,0,NA,26.6,73.733,1.9,1.5477,62.9,43851043,18.4113398560129,81.4078369140625,100,3306.85820838104,248.20587158,34.95557785,4.627244,6.74292726075119,62.4735570719822,30.7835156672667,"Africa","Northern Africa"
"ECU","Ecuador",456,70.61,75,96,543,595,76,122,594,245,174,67.0155409836063,91,579,596,74,78,164,0,0.152334328358209,19.3,64.166,1.39,2.5059,64.6,17643060,71.0382509260751,93.6260986328125,98.3156239365569,5600.38961495341,486.49215698,38.12518692,28.915938,7.59109505644544,65.0169806202486,27.3919243233059,"Americas","Latin America and the Caribbean"
"EGY","Egypt",428,17.2,116,150,378,554,144,5,589,74,402,55.6352396166134,103,567,589,81,44,0,0,NA,31.1,42.783,1.43,1.9262,71.91420097,102334403,102.802152795218,71.1682510375977,100,3569.20684121108,149.84031677,71.15663147,3.174969,5.33168102488778,60.7472927677382,33.921026207374,"Africa","Northern Africa"
"ERI","Eritrea",NA,NA,250,460,210,420,91,242,438,405,14,77.2608474576272,NA,0,370,90,82,363,0,NA,4.1,NA,0.7,1.4397,1.30890698,NA,35.1131386138614,76.5705184936523,100,642.508258796603,25.2679348,43.19562912,1.897563,4.08385636215873,55.7353642159919,40.1807794218494,"Africa","Sub-Saharan Africa"
"ESP","Spain",503,81.37,124,141,432,546,89,53,602,386,24,59.8308137715179,77,593,594,76,23,102,460,1.97550149253731,27.1,80.81,2.97,6.0795,93.20564892,47363419,94.8020199835318,98.5944595336914,41.115549425172,27056.4217512166,2711.19287109,29.38047409,107.201313,19.9776116999208,65.6229209344123,14.3994673656669,"Europe","Southern Europe"
"EST","Estonia",432,60.03,128,796,0,542,86,98,479,56,103,39.6953532182105,60,242,422,72,71,35,461,2.40018805970149,23.8,69.229,4.57,6.6316,89.05828666,1329479,30.5838279273062,99.8857879638672,0,23054.3584905978,1598.81884766,25.56273651,146.37093,20.3732279962459,63.1286019592397,16.4981700445145,"Europe","Northern Europe"
"ETH","Ethiopia",451,2.98,98,98,572,572,NA,0,586,0,112,56.6471906354513,NA,0,202,98,44,223,0,0.0465119402985075,3.6,21.695,0.33,0.7135,24,114963583,101.800711323583,51.7711791992188,100,936.340461064749,26.74220467,43.19190979,3.097885,3.53689378588288,56.5454698578127,39.9176363563044,"Africa","Sub-Saharan Africa"
"FIN","Finland",425,76.29,225,NA,0,445,NA,0,599,0,93,43.5131775700934,75,595,514,156,56,0,453,2.01286417910448,24.9,85.517,3.61,14.8773,92.17,5529543,18.194074098447,NA,0,48755.3550062906,4450.30273438,19.82653046,28.73353,22.5544875034292,61.5803902741882,15.8651222223827,"Europe","Northern Europe"
"FJI","Fiji",461,69.16,172,678,0,498,78,146,592,592,564,60.0520748829952,86,584,585,85,70,354,162,0.724986567164179,30,57.247,2,3.9596,68.9,896444,49.0664477285167,NA,82.8031823467088,5057.63191261761,235.67501831,27.40017128,57.74843,5.81742326634651,65.1713155854514,29.0112611482021,"Oceania","Melanesia"
"FRA","France",404,76.84,21,201,408,649,76,133,594,301,0,60.3104945904174,75,595,208,75,24,464,468,3.42176865671642,23.2,80.975,5.91,11.4707,84.8,67379908,123.055513855179,NA,78.2135639205549,39037.1226309074,4491.73535156,24.68828201,106.961111,20.7534554101127,61.5928887293959,17.6536558604914,"Europe","Western Europe"
"FRO","Faeroe Islands",636,80.97,201,NA,0,275,NA,0,503,0,570,37.5901647446455,74,562,316,74,63,549,0,NA,NA,42.398,NA,NA,97.58195894,48865,35.0035816618911,NA,NA,64225.2649049837,NA,NA,43.728212,NA,NA,NA,"Europe","Northern Europe"
"GAB","Gabon",628,5.53,182,182,488,488,102,15,536,590,351,70.0643383584588,93,298,521,99,71,514,87,0.254067164179104,13.4,90.092,6.3,2.946,62,2225728,8.63790119144642,84.6671600341797,100,6881.71519231831,215.01914978,39.1208992,15.589147,3.52881341615845,59.2072997042773,37.2638868795642,"Africa","Sub-Saharan Africa"
"GBR","United Kingdom",342,73.29,118,229,441,552,80,187,595,180,131,61.4300312500002,79,560,594,76,19,0,545,6.96165671641791,29.5,83.903,2.46,10.2922,94.81820132,67215293,277.829508535527,NA,66.5332490328298,41059.1688090547,4312.88916016,20.51708603,132.988914,18.6533467108562,63.6693780696586,17.6772752194852,"Europe","Northern Europe"
"GEO","Georgia",538,25.47,107,342,267,563,78,39,544,311,599,62.8748045602608,114,417,421,114,56,0,323,3.15555671641791,23.3,59.453,2.89,5.2162,72.53158402,3722716,65.1302704783232,99.5584411621094,100,4256.70118558798,291.12203979,58.65617371,180.725634,15.2533097762014,64.5262782931875,20.2204119306111,"Asia","Western Asia"
"GHA","Ghana",454,6.77,121,165,505,549,89,21,581,20,540,47.1350083752095,NA,0,157,95,76,387,0,0.0883149253731343,9.7,57.349,0.9,2.711,58,31072945,136.560363013097,79.0396423339844,100,2205.5290158584,75.28166199,48.48457718,4.099221,3.14034977057208,59.7284936668368,37.1311565625911,"Africa","Sub-Saharan Africa"
"GIN","Guinea",426,11.22,108,108,562,562,196,19,584,581,259,60.4813377926421,96,192,192,96,28,223,0,NA,6.6,36.875,0.3,0.1238,26,13132792,53.446166368224,39.6176795959473,100,1194.03786469445,43.03782272,66.67956543,2.271057,2.95231898464874,53.9987260899146,43.0489549254367,"Africa","Sub-Saharan Africa"
"GMB","Gambia",454,9.43,205,205,424,424,86,60,260,67,510,51.5695117845116,282,67,63,524,77,131,0,0.033255223880597,8.7,62.582,1.1,0.6061,36.5,2416664,238.800790513834,50.7779693603516,100,773.002070135524,29.72580338,27.48450851,4.006937,2.53141929301005,53.5185635759649,43.950017131025,"Africa","Sub-Saharan Africa"
"GRC","Greece",381,64.02,118,272,315,552,424,79,599,323,520,68.4063533225282,77,593,586,84,98,407,454,3.66068358208955,27.4,79.715,4.2,3.7019,78.11584474,10700556,83.0143987587277,97.9359512329102,99.9999999998588,17647.2326882744,1500.5949707,51.7366066,71.563794,22.2843899686215,64.0596892235232,13.6559208078554,"Europe","Southern Europe"
"GRD","Grenada",731,33.81,731,731,0,0,NA,0,0,0,0,NA,NA,0,0,NA,731,0,0,NA,20.2,36.537,3.57,3.0568,56.9,112519,330.938235294118,98.5999984741211,100,9261.55187617696,534.27441406,58.51715851,51.674556,9.79266461079068,66.4308630235596,23.7764723656497,"Americas","Latin America and the Caribbean"
"GRL","Greenland",369,70.55,272,NA,0,398,NA,0,158,0,587,41.587092436975,80,498,0,NA,75,179,0,NA,NA,87.282,NA,NA,69.48246178,56367,0.137329760019491,NA,80.0160106688235,53041.303310196,NA,NA,14.050081,NA,NA,NA,"Americas","Northern America"
"GTM","Guatemala",426,29.21,98,98,565,565,76,132,594,235,0,63.3213964686996,111,461,559,111,72,174,0,0.236131343283582,18.8,51.836,0.44,1.2829,49.97,16858333,157.319270250093,80.810676574707,100,4603.33961670975,271.02127075,60.70773697,32.963088,5.04203941510534,61.6155290192306,33.342431565664,"Americas","Latin America and the Caribbean"
"GUM","Guam",432,NA,130,130,540,540,79,87,595,41,517,61.9672120200333,107,321,118,335,71,543,298,1.57979850746269,NA,94.938,NA,NA,80.50546556,168783,312.561111111111,NA,83.3333333333333,34624.3401290414,NA,NA,NA,10.5341430899126,65.6056880462154,23.860168863872,"Oceania","Micronesia"
"GUY","Guyana",453,48.11,91,198,472,579,87,58,544,561,599,68.4642737896493,166,336,585,85,51,44,297,0.535486567164182,19.2,26.786,1.71,0.7869,37.32583679,786559,3.99572771145542,85.6397323608398,99.9881773200384,6955.93921717789,325.88516235,37.86107635,44.978737,6.99953722067962,65.2685391429937,27.7319236363267,"Americas","Latin America and the Caribbean"
"HKG","Hong Kong",422,61.14,23,210,44,646,NA,0,596,0,649,62.4660493827159,56,614,614,56,12,451,468,5.32078805970149,NA,100,NA,NA,92.41313602,7481800,7125.52380952381,NA,NA,46323.8634424384,NA,NA,1.634626,18.1967648043926,69.1308007850093,12.6724344105981,"Asia","Eastern Asia"
"HND","Honduras",538,38.17,141,141,529,529,79,344,595,489,0,83.7772999999996,93,577,577,93,63,181,0,NA,19.4,58.359,0.64,0.7287,42.05,9904608,88.520940209134,88.5074310302734,99.9835217097179,2389.012430771,187.55433655,58.18896484,37.303113,4.97320085491529,64.4386193212916,30.5881798237931,"Americas","Latin America and the Caribbean"
"HRV","Croatia",461,46.84,194,194,448,476,79,38,522,49,376,46.7945691056909,76,594,594,76,33,445,388,1.12322985074627,27.1,57.553,5.54,6.192,78.32093274,4047680,71.5264180950698,99.125358581543,99.7796052732656,14132.4865609499,1040.08569336,18.44828796,115.234573,21.2522352382927,64.2062014480422,14.5415633136651,"Europe","Southern Europe"
"HTI","Haiti",562,0.83,110,143,527,560,78,32,264,500,265,51.1277326565146,153,498,509,81,78,265,0,NA,20.5,57.088,0.71,0.3977,34.5,11402533,413.734869375907,61.691349029541,100,1272.36799204205,56.99440002,48.51952744,2.075954,5.17466828408577,62.35143645339,32.4738952625242,"Americas","Latin America and the Caribbean"
"HUN","Hungary",406,61.81,117,432,71,553,432,30,474,288,320,54.560789473684,106,379,593,77,58,125,336,1.06889701492537,28.6,71.942,7.01,5.2593,84.77115202,9750149,106.839239535393,99.0999984741211,100,15980.1082258832,1062.39416504,32.01777649,89.620561,20.1631079450426,65.4282334047697,14.4086586501878,"Europe","Eastern Europe"
"IDN","Indonesia",574,43.3,95,96,574,575,100,87,596,484,231,66.09960591133,247,423,579,91,47,246,0,0.123435820895522,6.9,56.641,1.04,3.807,53.72649449,273523621,145.683543548694,95.9990081787109,95.5671472610627,3869.58842704537,120.12496185,50.50718689,15.357977,6.26251338481323,67.8014803219093,25.9360062932775,"Asia","South-eastern Asia"
"IND","India",425,52.64,92,99,571,578,80,270,595,589,337,71.1938533541343,79,103,576,60,24,151,171,0.647501492537313,3.8,34.926,0.53,2.3885,43,1380004385,464.149410229417,74.3729934692383,100,1927.70782309335,63.74832153,66.37770081,24.605707,6.57388867644794,67.2654998846254,26.1606114389267,"Asia","Southern Asia"
"IRL","Ireland",437,77.44,197,366,304,473,86,274,599,244,486,64.6758428805236,74,596,587,83,55,0,506,2.40928358208955,26.9,63.653,2.97,13.0118,91.99989097,4985674,72.3715198141965,NA,0.274091678859734,85422.5428682266,5428.58886719,25.42202377,89.42456,14.5779505227647,64.5897776857887,20.8322717914466,"Europe","Northern Europe"
"IRN","Iran",447,61.39,186,283,347,484,81,391,573,310,142,65.4372946859905,97,523,546,74,137,41,168,0.613798507462686,25.5,75.874,1.56,2.0766,84.11087002,83992953,51.5686491564135,85.5442504882813,100,2422.48065682777,470.43460083,50.48118973,69.678048,6.56435458647845,68.6909492843262,24.7446961291953,"Asia","Southern Asia"
"IRQ","Iraq",426,14.32,110,110,560,560,76,74,594,451,0,73.5141396103895,137,533,533,137,54,251,111,0.570005970149254,27.4,70.893,1.32,2.0448,60,40222503,92.6512526259536,85.5999984741211,100,4145.86293637602,253.31463623,50.09696579,49.909674,3.44273041454691,58.8435231998176,37.7137463856355,"Asia","Western Asia"
"ISL","Iceland",474,76.72,212,446,49,448,NA,0,499,0,596,41.6329575163401,80,590,601,69,68,598,522,2.73413134328358,23.1,93.898,2.83,17.1888,99,366463,3.63446394922146,NA,10.2852157949761,59264.0340913145,6274.95947266,17.11121368,36.584308,15.6220054330785,64.9537133362443,19.4242812306773,"Europe","Northern Europe"
"ISR","Israel",353,67.39,91,91,382,579,91,103,586,258,477,61.049177419355,90,580,603,67,22,218,524,4.5671776119403,26.7,92.587,2.98,6.6047,90.12734091,9215100,425.836414048059,NA,100,44177.5712248445,3456.38696289,33.1367569,142.875686,12.4143452715517,59.7571842757265,27.8284704527219,"Asia","Western Asia"
"ITA","Italy",471,77.33,94,94,512,576,52,247,618,598,640,71.3570781250005,76,594,594,76,30,298,457,2.54306567164179,22.9,71.039,3.14,5.8867,70.48342785,59449527,199.675971517818,99.15576171875,94.7772139982593,31769.9658684833,2905.5,26.08068275,79.048615,23.3018929993944,63.710816474514,12.9872905260916,"Europe","Southern Europe"
"JAM","Jamaica",496,19.9,93,110,560,577,608,50,521,586,433,73.4194166666665,99,435,443,91,42,268,0,0.320634328358209,24.4,56.311,1.72,1.4674,68.21451709,2961161,273.422068328717,88.0999984741211,99.9999999999574,4664.53024222133,327.40353394,33.15736008,29.936149,9.07777237825492,67.5640718676117,23.3581557541334,"Americas","Latin America and the Caribbean"
"JOR","Jordan",377,38.47,227,296,201,443,77,34,473,437,18,62.7452631578947,88,582,363,77,64,196,332,1.56499253731343,33.4,91.418,1.47,3.347,66.1,10203140,114.926109484118,98.2271118164063,100,4282.76582461621,334.04421997,45.69065094,83.994464,3.95369697193039,63.192456357037,32.8538466710326,"Asia","Western Asia"
"JPN","Japan",537,79.02,60,321,7,610,NA,0,495,0,126,41.3618181818183,106,564,588,75,14,0,9,0.298235820895522,4.4,91.782,12.98,12.6978,90.21945812,125836021,345.229138545953,NA,76.7615082281987,40193.2524448357,4360.47363281,16.1432457,13.66388,28.3972730704411,59.1541701977256,12.4485567318333,"Asia","Eastern Asia"
"KAZ","Kazakhstan",468,43.65,23,145,525,647,89,51,581,281,185,71.7676923076921,75,161,329,80,30,151,285,1.233050438391,21.3,57.671,6.06,7.2936,85.94259898,18754440,6.94686076230692,99.7816314697266,87.4142305282549,9122.23343021644,272.96524048,40.06171799,53.712359,7.9028021260597,62.9530247236643,29.144173150276,"Asia","Central Asia"
"KEN","Kenya",594,6.71,94,94,523,576,NA,0,596,572,404,64.8242148760329,84,380,447,77,75,61,0,0.0716343283582082,6,27.995,1.4,1.1656,29.5,53771300,94.4781600309238,81.5349731445313,100,1878.58070251348,83.41162872,35.51103973,4.606834,2.50918631382811,58.9012100433659,38.589603642806,"Africa","Sub-Saharan Africa"
"KGZ","Kyrgyzstan",481,14.84,146,146,396,524,84,36,572,192,73,60.1115514333896,100,387,585,85,35,219,0,NA,15.4,36.856,4.41,5.6026,51,6579900,34.3060479666319,99.5859985351563,97.4325569187238,1175.69815236703,62.14477539,46.25527954,27.346034,4.72789363285432,62.6232661654043,32.6488402017414,"Asia","Central Asia"
"KHM","Cambodia",456,80.9,95,405,265,575,484,173,573,235,265,52.0539130434783,141,411,0,NA,75,0,7,0.118919402985075,3.5,24.232,0.9,1.0076,32.90027854,16718971,94.7143156582823,80.5264892578125,100,1543.66925757282,113.31044006,69.18743134,6.993915,4.85284824748422,64.2221991612519,30.9249525912639,"Asia","South-eastern Asia"
"KIR","Kiribati",511,44.51,505,505,40,40,752,0,0,116,0,32.9663473053892,475,195,0,NA,87,0,0,NA,45.6,55.594,1.86,3.8256,38,119446,147.464197530864,NA,99.9999995006364,1653.54029724315,172.30574036,2.91084337,0.016476,4.21518807189679,59.868228281526,35.9165836465772,"Oceania","Micronesia"
"KOR","South Korea",447,80.5,74,286,384,596,96,14,616,28,629,52.9364252696458,89,581,594,76,20,449,317,0.959253731343284,4.9,81.414,12.43,7.4625,96.50505968,51836239,531.54469852338,NA,100,31597.5046490718,2624.53320313,40.47150421,7.141306,15.7909063699764,71.6662845332923,12.5428090967313,"Asia","Eastern Asia"
"KWT","Kuwait",360,33.55,138,138,532,532,96,55,600,194,186,68.2190584415581,91,579,522,127,23,394,389,1.56308358208955,37,100,2.04,7.4145,99.10587967,4270563,239.65,96.4575424194336,100,24811.7697100231,1758.67419434,13.03886032,95.338558,3.03580013070852,75.5019879074719,21.4622119618196,"Asia","Western Asia"
"LAO","Laos",474,44.07,33,89,559,637,89,53,445,148,456,46.9111243611584,121,474,558,92,76,0,0,0.0980940298507463,4.5,36.29,1.5,0.7171,33.8,7275556,31.5232062391681,84.6610412597656,100,2629.71458287115,68.22131348,41.85754776,5.45725,4.25917730044148,63.7935911462485,31.94723155331,"Asia","South-eastern Asia"
"LBN","Lebanon",447,26.08,74,146,511,596,77,60,573,448,0,70.4108400646202,617,53,572,98,37,133,41,0.520986639970878,31.3,88.925,2.73,1.6735,84.1,6825442,667.198631476051,95.0694427490234,100,4649.54764607837,663.05108643,50.12977219,94.845572,7.54904625266191,67.3821560352475,25.0687977120906,"Asia","Western Asia"
"LBR","Liberia",482,7.06,114,114,556,556,102,41,589,163,300,55.4299663299665,421,195,0,NA,75,331,0,NA,8.6,52.089,0.8,0.5321,25.6,5057677,52.5091050664452,48.3013610839844,100,632.93638561735,52.56287003,59.21680832,1.121963,3.3184773812346,56.3093046002704,40.372218018495,"Africa","Sub-Saharan Africa"
"LBY","Libya",465,22.21,219,219,430,430,106,106,528,430,0,75.4893080724875,NA,0,0,NA,80,0,0,0.156336150535665,31.8,80.691,3.2,6.5305,17.76,6871287,3.90516100799072,NA,100,3699.29476514318,309.87866211,36.66828156,51.352454,4.52581552348525,67.6894097936749,27.7847746828399,"Africa","Northern Africa"
"LIE","Liechtenstein",461,65.58,135,425,70,535,72,45,598,0,539,48.5952718286654,740,0,0,NA,82,312,494,2.82793731343284,NA,14.416,NA,NA,99.54661245,38137,238.35625,NA,NA,175813.875592058,NA,NA,95.728551,NA,NA,NA,"Europe","Western Europe"
"LKA","Sri Lanka",456,71,140,140,530,530,75,188,378,411,634,62.5587732919251,NA,0,547,114,36,302,66,0.419070149253731,5.4,18.713,4.15,2.2604,35,21919000,354.309452993664,92.2529602050781,45.5384172591341,3680.67347661745,160.69696045,51.41779327,25.16934,11.2328586848264,65.0822908751493,23.6848504400243,"Asia","Southern Asia"
"LSO","Lesotho",522,16.11,92,250,405,578,88,59,578,333,0,57.7599999999999,NA,0,191,110,88,42,0,NA,13.5,29.028,NA,3.2567,43,2142252,70.5616600790514,76.6352005004883,100,875.353432963926,124.19363403,14.17715359,10.020532,4.94881780782719,62.8131463709401,32.2380358212327,"Africa","Sub-Saharan Africa"
"LTU","Lithuania",502,67.37,219,219,160,451,75,100,530,124,491,49.871931260229,97,573,594,76,28,92,538,3.22225223880597,28.4,68.046,6.43,9.4452,83.05555096,2794885,44.6253392942679,99.8155975341797,95.9998593070447,20232.3020358588,1369.97949219,34.55065536,151.946457,20.6179799426145,63.9040895364159,15.4779305209697,"Europe","Northern Europe"
"LUX","Luxembourg",418,68.33,98,110,158,572,75,56,599,262,610,48.1695129870128,76,594,490,76,60,500,586,8.44100298507462,24.2,91.453,4.26,12.1744,98.82242384,630419,259.431687242798,NA,68.7756227449078,116356.158037286,6220.74121094,12.79860306,128.672336,14.3907613366604,70.0516631574912,15.5575755058485,"Europe","Western Europe"
"LVA","Latvia",480,62.22,132,297,200,538,353,62,596,11,129,50.1232899022798,73,299,482,71,28,127,438,3.86317462686567,25.7,68.315,5.49,4.6174,88.9,1900449,30.6079722982767,99.8893127441406,89.0140461977576,17736.5037505893,1166.79785156,39.17286682,117.379082,20.6873827668145,62.8805141347833,16.4321030984022,"Europe","Northern Europe"
"MAC","Macao",390,68.5,33,900,0,637,NA,0,78,0,649,29.9885824345144,43,588,588,43,11,474,0,NA,NA,100,NA,NA,88.1,649342,19736.8389057751,96.5384902954102,NA,39403.1359073362,NA,NA,0.116952,11.9714785126322,73.6741435468595,14.3543779405084,"Asia","Eastern Asia"
"MAR","Morocco",454,64.8,97,97,573,573,79,83,591,549,41,68.2823538704578,82,506,277,93,61,284,15,0.364171641791045,25.6,63.532,1,1.3887,84.12036305,36910558,82.7034685189334,73.7500076293945,100,3058.69168866957,174.22377014,59.4057312,25.335397,7.60664427741004,65.6253630397371,26.7679926828528,"Africa","Northern Africa"
"MCO","Monaco",398,67.49,106,106,429,564,74,64,612,263,289,56.1877250409165,75,595,79,381,55,424,0,NA,NA,100,13.8,20.1609,97.05297684,39244,19360.6314750863,NA,NA,173688.189360292,2905.84375,15.03576469,86.38664,NA,NA,NA,"Europe","Western Europe"
"MDA","Moldova",496,21.98,135,334,292,535,429,56,600,178,249,59.3312603648423,93,577,577,93,70,150,211,0.60413432835821,20.1,42.849,5.66,3.9329,76.12451989,2620495,91.2355556483986,99.3598937988281,100,4547.05972064671,284.30712891,36.91240311,83.937848,12.4930248492611,71.6186539142774,15.8883212364615,"Europe","Eastern Europe"
"MDG","Madagascar",515,1.34,110,110,560,560,95,55,421,324,15,55.6762944162438,118,378,244,182,81,180,0,0.0141388059701492,4.5,38.534,0.2,0.298,15,27691019,47.5954262633207,76.6796798706055,100,471.491496300252,19.84997559,39.58620071,1.53465,3.10069496181036,56.8367656255902,40.0625394125994,"Africa","Sub-Saharan Africa"
"MEX","Mexico",486,57.28,107,107,563,563,85,285,585,372,224,54.8032537313428,282,123,388,282,96,0,0,0.126041791044776,28.4,80.731,0.98,2.3646,71.96819405,128932753,66.3251385066488,95.2478485107422,99.6561265475774,8329.27131263927,540.37231445,50.69227982,29.227285,7.61810383432982,66.5466307075596,25.8352654581106,"Americas","Latin America and the Caribbean"
"MLI","Mali",454,1.55,129,129,541,541,352,52,564,0,552,47.6355802047782,91,212,212,91,121,187,0,NA,7.1,43.909,0.1,0.4408,27.4,20250834,16.5964595677722,30.7614097595215,100,862.453018770252,34.28177643,32.89606094,0.770676,2.47715242133496,50.5155466938076,47.0073008848574,"Africa","Sub-Saharan Africa"
"MLT","Malta",392,83.37,124,230,440,546,435,46,462,69,646,53.9957920792079,77,593,598,72,24,586,462,3.53025671641791,31,94.744,4.49,9.4833,86.85876416,515332,1610.4125,94.5031890869141,100,28423.200204148,2531.91088867,36.8813324,72.956791,21.3238574725451,64.3022310397855,14.3739114876694,"Europe","Southern Europe"
"MMR","Myanmar",566,24.17,133,133,537,537,100,246,585,566,170,75.7470034246574,118,409,391,279,79,235,0,0.130965671641791,5.7,31.141,1.04,1.0821,35.1,54409794,83.3496131987316,89.0699462890625,100,1467.60428115143,60.01587296,75.95656586,9.124418,6.23608798414991,68.2783175089782,25.4855945068719,"Asia","South-eastern Asia"
"MNG","Mongolia",478,67.75,9,316,354,661,125,91,644,157,447,63.5388851913478,217,265,586,77,27,202,339,1.84659104477612,19.6,68.657,8,4.2136,62.50002848,3278292,2.10517352649373,99.1832733154297,97.0139805896742,4060.95051770038,163.44186401,38.24585342,177.45568,4.31230916117854,64.5947429910106,31.0929478478109,"Asia","Eastern Asia"
"MOZ","Mozambique",431,11.4,125,125,545,545,NA,0,522,290,449,59.354431239389,NA,0,0,NA,79,21,0,0.0435731343283582,6,37.074,0.7,0.4727,16.5,31255435,39.745968870012,60.6554298400879,100,448.544280704982,39.46094131,16.00112534,4.703908,2.86182547131403,53.0753867287401,44.0627877999458,"Africa","Sub-Saharan Africa"
"MRT","Mauritania",448,19.65,126,166,504,544,NA,0,493,295,347,45.0474371859297,84,168,198,84,139,230,0,0.195031343283581,11.3,55.327,NA,0.9252,40.8,4649660,4.51116716794412,53.4975891113281,100,1701.99116304908,57.88484573,50.64942932,7.815527,3.17786813567794,57.1370410468899,39.6850908174322,"Africa","Sub-Saharan Africa"
"MUS","Mauritius",416,70.8,114,114,465,556,79,108,323,114,543,46.5974873524452,60,579,492,91,77,431,0,NA,11.5,40.76,3.4,3.5152,64.88490358,1265740,623.51724137931,91.3253936767578,100,8627.84315711981,685.94561768,52.66551971,17.945263,12.520129457574,70.6951267841304,16.7847437582955,"Africa","Sub-Saharan Africa"
"MWI","Malawi",435,4.96,94,219,342,576,NA,0,576,50,478,49.3582130584192,110,446,269,99,97,187,0,0.0319194029850746,4.7,17.427,1.3,0.4386,9.9,19129955,202.905759439966,62.1435394287109,100,636.820536833847,30.40028763,23.84466934,3.145206,2.64154348113367,54.3663988283922,42.9920576904741,"Africa","Sub-Saharan Africa"
"MYS","Malaysia",467,78.48,60,264,406,610,77,272,593,376,438,65.0563369397219,96,574,579,91,15,572,327,1.55108656716418,15.3,77.16,1.88,3.4843,89.55501192,32365998,98.5116359762593,94.9711303710938,90.537343806725,10412.3489834381,436.61203003,47.80334854,75.409669,7.18368371697719,69.3681971627077,23.4481191203151,"Asia","South-eastern Asia"
"NAM","Namibia",440,12.41,83,154,487,587,NA,0,542,323,590,51.5604522613062,91,8,217,85,73,167,38,0.431171641791045,15,52.033,NA,1.954,41,2540916,3.08629523011333,91.5272674560547,100,4179.27806560875,427.25622559,48.44717789,49.829864,3.58584834930861,59.5729080780273,36.8412435726641,"Africa","Sub-Saharan Africa"
"NER","Niger",475,1.99,113,113,476,546,NA,0,169,0,18,28.1919966159053,NA,0,394,105,78,342,0,NA,4.7,16.626,0.39,0.2234,10.22431156,24206636,19.1099992105471,35.0499992370605,100,567.669892261611,31.39763641,49.06088257,0.253315,2.59609303958037,47.7319491293382,49.6719578310814,"Africa","Sub-Saharan Africa"
"NGA","Nigeria",467,2.69,107,115,514,563,88,36,593,548,438,57.0912091503272,103,189,66,226,32,69,0,0.0234149253731343,7.8,51.958,NA,1.5007,35.5,206139587,226.335504024068,62.0160102844238,100,2097.09247289022,71.46572876,71.30365753,1.00265,2.73806406007727,53.7743252219252,43.4876107179975,"Africa","Sub-Saharan Africa"
"NIC","Nicaragua",530,14.09,412,NA,0,237,NA,0,0,0,0,10.9945777027027,NA,0,9,447,51,97,0,NA,21.8,59.012,0.93,1.5524,45.2,6624554,55.0486455044042,82.6145477294922,99.9026951322358,1905.26115155921,160.75878906,36.35137177,1.919617,5.67749919466276,64.8218431006827,29.5006577046545,"Americas","Latin America and the Caribbean"
"NLD","Netherlands",415,72.06,152,682,0,518,308,96,599,144,290,59.15779771615,76,594,481,85,26,79,419,1.53140895522388,23.1,92.236,3.17,11.4851,91.33333333,17441500,518.013068013068,NA,99.5981414813269,52396.0322099525,5335.30126953,34.07394028,124.860436,20.0348213864685,64.2635206145689,15.7016579989626,"Europe","Western Europe"
"NOR","Norway",437,77.18,226,NA,0,407,388,95,564,0,517,50.918243902439,79,591,0,NA,56,72,454,2.18900895522388,25,82.974,3.53,18.3493,97,5379475,14.7339340964594,NA,2.04383779996992,67329.6777910967,8007.39794922,14.17993736,37.924272,17.5265774017425,65.2163222406087,17.2571003576487,"Europe","Northern Europe"
"NPL","Nepal",550,29.05,218,218,452,452,81,118,575,260,259,64.6177863777087,89,575,532,89,12,132,0,0.254217910447761,3.8,20.576,0.3,3.3047,37.7,29136808,203.256421346355,67.9084320068359,100,1155.14285440358,53.24640274,63.28133774,27.382382,5.82814699537437,65.3621391883421,28.8097138162835,"Asia","Southern Asia"
"NZL","New Zealand",482,72.3,224,602,68,446,84,129,206,147,612,40.5949346405229,76,594,574,83,58,19,261,1.16805223880597,32,86.699,2.57,11.1421,91.5,5084300,19.3091792943679,NA,0,41441.4666667011,4211.04638672,24.43832588,1.286308,16.368309038572,64.2010039747146,19.4306869867134,"Oceania","Australia and New Zealand"
"OMN","Oman",362,58.68,54,138,490,574,206,55,473,329,66,66.7890746753247,105,423,476,83,31,396,0,NA,22.9,86.276,1.47,4.085,95.23,5106622,16.4995864297254,95.6515274047852,100,14485.3861157973,624.7444458,13.55556679,58.255619,2.51101216341279,75.0021051081477,22.4868827284395,"Asia","Western Asia"
"PAK","Pakistan",496,31.15,151,151,494,519,82,224,587,379,229,62.1176747967478,99,527,564,106,55,236,0,0.136910447761194,7.8,37.165,0.63,0.4832,25,220892331,286.545676369863,57.9988594055176,100,1188.85975692162,39.49928665,60.920578,5.655242,4.34864966345144,60.8317866522669,34.8195636842817,"Asia","Southern Asia"
"PAN","Panama",477,69.33,153,153,517,517,79,152,595,548,429,73.0474584717608,120,550,489,120,69,266,428,1.37987462686567,22.5,68.414,2.25,3.2055,64.25,4314768,58.1685428097658,95.7360763549805,71.6367476557604,12509.8352901414,1192.82080078,33.79375458,107.875167,8.53879247709088,64.9664280829069,26.4947794400022,"Americas","Latin America and the Caribbean"
"PER","Peru",452,58.24,92,92,578,578,75,112,595,526,340,77.6998181818182,75,595,593,77,30,225,277,0.845098507462687,19.1,78.297,1.59,2.9772,65.25,32971846,25.7592546875,94.497932434082,99.9629262855861,6126.87453978867,370.10995483,36.91308594,66.002237,8.72526306831275,66.5825979940346,24.6921389376527,"Americas","Latin America and the Caribbean"
"PHL","Philippines",457,29.68,203,203,445,467,77,99,583,536,558,71.2526677067086,103,272,225,96,23,215,0,0.289135820895522,6,47.408,0.99,5.4439,49.8,109581085,367.512107187175,96.2781677246094,96.3706587650922,3298.82958569657,142.07876587,58.98740768,25.099987,5.51164864430335,64.4456728195355,30.0426785361611,"Asia","South-eastern Asia"
"PNG","Papua New Guinea",551,2.02,124,210,391,532,219,5,587,120,401,53.0200169204738,790,0,459,91,86,0,0,NA,19.4,13.345,NA,0.4529,11.20919659,8947027,19.7567173077772,61.5999984741211,99.9951657438565,2757.21752973696,65.08071899,9.91931438,3.258579,3.57157866123976,61.282410777036,35.1460105617242,"Oceania","Melanesia"
"POL","Poland",456,53.57,106,106,204,564,451,38,561,20,0,56.6911367380558,77,593,586,84,81,0,305,0.898610447761195,25.6,60.043,6.54,6.8926,83.18488715,37899070,123.784400823072,NA,99.9661157279646,15742.4537256368,1014.03820801,28.55985451,80.039342,18.739450673668,66.0428433076874,15.2177060186446,"Europe","Eastern Europe"
"PRI","Puerto Rico",447,NA,146,146,447,524,74,52,480,404,573,60.4021475409829,121,491,460,75,58,256,256,0.946435820895523,NA,93.581,NA,NA,77.73643937,3281538,369.959188275085,92.3899993896484,3.6697247706422,31429.8661176558,NA,NA,NA,20.827354638634,63.4203505038532,15.7522948575128,"Americas","Latin America and the Caribbean"
"PRT","Portugal",400,89.56,123,301,320,547,78,100,599,247,172,64.5096721311475,72,598,602,68,25,505,558,2.90865373134328,23.2,66.31,3.45,6.8987,78.26166044,10297081,112.406676011074,96.1375885009766,16.0083566266812,22194.566114935,2221.43920898,39.02297974,107.263893,22.7722689742347,64.1737741069202,13.0539569188451,"Europe","Southern Europe"
"PRY","Paraguay",465,40.43,209,209,441,461,80,98,601,575,604,62.7500662251658,90,506,264,91,66,33,27,0.391798507462687,19,62.183,0.83,0.7387,73.95751114,7132530,17.9525044047319,94.544548034668,99.0583082497181,5001.07276045191,388.39324951,53.99055481,63.854422,6.81098369192004,64.2955144438067,28.8935018642733,"Americas","Latin America and the Caribbean"
"PSE","Palestine",441,28.72,349,454,216,321,81,170,565,527,0,78.0662046204623,NA,0,186,111,64,0,160,0.66612264020497,NA,NA,NA,NA,NA,NA,NA,NA,NA,NA,NA,NA,86.735241,NA,NA,NA,"Asia","Western Asia"
"QAT","Qatar",357,80.54,116,137,262,554,461,52,594,52,603,67.7227986906708,87,583,333,205,57,504,134,1.40252089552239,33.9,99.235,1.25,7.197,99.65284913,2881060,250.74499564839,93.4639663696289,100,50124.3859361728,1807.15393066,27.2375679,81.639666,1.68913935286855,84.6716460960628,13.6392145510687,"Asia","Western Asia"
"ROU","Romania",380,28.62,239,293,332,431,NA,0,599,239,239,57.6003745928338,80,590,582,88,82,153,418,1.11646865671642,24.5,54.194,6.89,6.0922,78.45526741,19257520,83.6992350486787,98.8444976806641,98.0174648814994,12915.2430513709,738.5581665,19.86136818,86.159068,19.23091497831,65.2484905802885,15.5205944414015,"Europe","Eastern Europe"
"RUS","Russia",383,38.01,109,109,200,561,89,44,594,73,473,49.4120624999999,121,549,403,91,30,414,552,2.12341492537313,25.7,74.754,7.12,4.5333,84.99467026,144104080,8.79924430004024,99.7300567626953,91.6093290043281,10126.7217935297,653.41723633,38.8480835,57.418052,15.5089282475307,66.128809931132,18.3622618213373,"Europe","Eastern Europe"
"RWA","Rwanda",636,27.96,120,120,508,550,80,65,597,584,603,67.2156951423779,120,489,532,77,41,339,26,0.34619552238806,4.8,17.432,NA,0.948,26.5,12952209,525.018605593839,73.2155914306641,100,797.855520671748,51.39912415,26.26396179,7.509349,3.11930358182668,57.4064611945228,39.4742352236505,"Africa","Sub-Saharan Africa"
"SAU","Saudi Arabia",351,68.5,118,150,520,552,NA,0,595,90,604,62.7593596059117,93,508,500,101,64,495,480,1.27835373134328,35,84.287,2.24,5.8174,97.86,34813867,16.1948313477757,97.5850677490234,100,20110.3161924912,1316.26025391,30.82542801,15.523668,3.4984589906707,71.8053100156544,24.6962309936749,"Asia","Western Asia"
"SDN","Sudan",454,2.57,292,447,189,344,108,98,436,114,50,44.6760535117056,105,423,0,NA,72,160,0,NA,7.4,35.253,0.74,1.1455,28.4,43849269,23.712129323794,60.6971817016602,100,486.418816281925,46.92884064,70.75496674,0.900325,3.67412129645974,56.5265115078339,39.7993671957064,"Africa","Northern Africa"
"SEN","Senegal",419,7.39,218,261,375,452,NA,0,233,169,518,39.5480882352941,93,276,278,91,65,287,0,0.0738776119402986,7.4,48.122,NA,0.5404,42.6,16743930,86.9679011063211,51.9004211425781,100,1471.83096170711,59.09758377,57.03206635,4.298423,3.10814780785893,54.3002904874107,42.5915617047303,"Africa","Sub-Saharan Africa"
"SGP","Singapore",448,85.63,93,104,566,577,97,35,573,72,651,51.2222222222225,91,579,560,110,1,314,0,NA,6.6,100,2.49,6.2432,92.00434653,5685807,8019.47390691114,97.4795837402344,100,59797.7521801188,2632.71386719,49.79800415,36.374872,13.351544234508,74.3472774754023,12.3011782900897,"Asia","South-eastern Asia"
"SLB","Solomon Islands",566,17.3,333,333,114,170,140,3,251,3,0,33.1236103896104,86,80,155,209,273,77,0,NA,20.5,24.67,1.4,2.1642,11.92422906,686878,24.5401214719543,NA,99.9175631944289,2250.6011638607,111.90448761,3.43970704,0.028409,3.67092551289592,56.2990257452496,40.0300487418545,"Oceania","Melanesia"
"SLE","Sierra Leone",446,3.91,112,112,558,558,95,6,320,110,329,47.0885862068967,NA,0,153,77,90,234,0,NA,7.5,42.923,NA,0.7525,18,7976985,110.515170407315,43.2063293457031,100,509.376593987322,46.15795517,56.01371002,0.785743,2.92733480815993,56.7290415436513,40.3436236481888,"Africa","Sub-Saharan Africa"
"SLV","El Salvador",445,66.19,98,98,572,572,80,73,595,310,0,54.8375675675671,91,572,445,78,70,544,0,0.229258208955221,22.7,73.444,1.2,1.8344,54.60137027,6486201,313.040588803089,89.1379165649414,100,3798.63652082321,300.05328369,35.87895966,17.400015,8.65094458161591,64.758468164358,26.590587254026,"Americas","Latin America and the Caribbean"
"SMR","San Marino",421,64,258,293,280,412,NA,0,498,140,613,52.0420621931262,60,610,610,60,57,231,0,NA,NA,97.499,3.8,8.2067,60.18230126,33938,565.633333333333,NA,NA,47731.2085399347,3050.91821289,17.77912521,163.099089,NA,NA,NA,"Europe","Southern Europe"
"SOM","Somalia",510,2.22,141,425,245,432,NA,0,354,110,0,37.158907563025,NA,0,264,209,84,160,0,NA,6.9,46.141,0.87,0.1119,2.004048698,15893219,25.3342987853477,NA,100,438.255165584899,NA,NA,1.344662,2.90213652083888,50.9479575632933,46.1499059158678,"Africa","Sub-Saharan Africa"
"SRB","Serbia",397,45.89,182,247,316,488,80,31,564,53,532,52.2110749185668,90,580,580,90,57,256,448,1.35769402985074,23.5,56.446,5.61,6.0855,78.36804077,6899126,78.8832151840842,99.4825286865234,100,7730.69174637698,641.02502441,40.00689697,166.301562,19.0585016934728,65.5743930296653,15.3671052768619,"Europe","Southern Europe"
"SSD","South Sudan",517,0.75,128,128,339,542,87,41,306,240,152,55.9930260869565,118,253,0,NA,61,0,0,0.0314208955223879,NA,20.199,NA,NA,6.5,11193729,17.7136110778852,34.5227584838867,100,1119.65143716565,22.63818741,28.72546387,1.086072,3.3527713071386,55.3194579999062,41.3277706929552,"Africa","Sub-Saharan Africa"
"SUR","Suriname",439,42.23,159,209,461,511,155,23,515,566,0,73.4271524288106,138,501,308,152,74,167,6,0.122407462686567,26.5,66.149,3,2.7569,70.06,586634,3.76047435897436,94.3832702636719,100,4916.60566637918,619.24713135,27.38944054,82.830628,7.13496706623573,66.1995936123498,26.6654393214144,"Americas","Latin America and the Caribbean"
"SVK","Slovakia",408,46.35,118,118,468,552,295,25,571,211,494,54.4886280991737,88,582,593,77,81,423,397,11.7851253731343,22.4,53.76,5.7,6.0156,89.9209082,5458827,113.536335274542,NA,100,19266.5135736247,1342.0748291,21.18335342,164.962646,16.6991352180235,67.7473358143263,15.5535289676503,"Europe","Eastern Europe"
"SVN","Slovenia",401,57.19,89,282,323,581,79,84,522,174,357,55.9144357366772,89,581,592,78,63,247,347,1.23431641791045,22.5,55.118,4.43,10.2248,86.60130109,2102419,104.408881428657,99.6999969482422,99.4910252834569,25489.5002284083,2219.10058594,27.62962532,161.565538,20.7377516789822,64.125818085965,15.1364302350527,"Europe","Southern Europe"
"SWE","Sweden",488,72.57,372,NA,0,175,NA,0,486,0,52,53.2061815336464,70,569,314,182,30,0,445,1.89349402985075,22.1,87.977,2.14,12.5813,94.53943122,10353442,25.4190714689057,NA,3.63648738190616,52274.4087868798,5671.38574219,15.11534023,115.304495,20.3288061061869,62.0476143560942,17.6235795377188,"Europe","Northern Europe"
"SWZ","Eswatini",461,20.75,230,230,401,440,NA,0,584,392,229,65.5606365159127,315,243,462,82,45,109,0,NA,13.5,24.171,2.1,4.1415,30.3,1160164,67.4513953488372,88.4193801879883,100,3424.2822122311,264.05514526,23.14836884,39.595895,4.01236376926021,58.5447402263818,37.442896004358,"Africa","Sub-Saharan Africa"
"SYC","Seychelles",419,81.99,166,257,257,504,98,54,332,241,596,54.5798154362412,91,440,0,671,73,169,0,NA,14.6,57.546,3.6,4.5248,79,98462,214.047826086957,95.8677062988281,100,10764.4204224611,839.77331543,27.26632881,224.881205,8.06633654305673,68.1667971570053,23.766866299938,"Africa","Sub-Saharan Africa"
"SYR","Syria",588,4.42,314,458,142,356,458,84,552,160,0,49.7623429541594,NA,0,0,NA,92,0,0,NA,25.8,55.475,1.4,1.5406,35.78,17500657,95.3039100364864,NA,100,1334.37059333293,69.83010864,53.6898613,2.360839,4.87442243600212,64.3509232624282,30.7746543015697,"Asia","Western Asia"
"TCD","Chad",537,0.99,127,127,543,543,103,56,295,329,328,48.3598141891891,622,48,536,86,78,48,0,NA,4.8,23.52,NA,0.1377,10.4,16425859,13.0446783672173,22.3115501403809,100,659.270044977801,29.85083008,62.25108337,0.299675,2.49857785258663,51.0111248942521,46.4902972531612,"Africa","Sub-Saharan Africa"
"TGO","Togo",460,10.96,110,157,513,560,NA,0,446,95,388,51.2713838550247,98,564,481,91,65,42,0,0.0958298507462686,7.1,42.8,0.7,0.4643,24,8278737,152.210645339217,66.5370788574219,100,914.950792453212,51.1550293,75.80754852,3.075991,2.90502497727911,56.4586402445594,40.6363347781615,"Africa","Sub-Saharan Africa"
"THA","Thailand",579,60.4,97,97,473,573,93,56,594,118,304,51.1711094452773,91,579,566,91,61,32,2,0.322571641791045,10.8,51.43,2.1,3.1522,77.84374066,69799978,136.624279199045,93.7677612304688,100,7186.87409206525,296.1651001,28.22714996,27.333823,12.957737608456,70.4897672030785,16.5524951884655,"Asia","South-eastern Asia"
"TJK","Tajikistan",446,27.47,75,167,503,595,NA,0,253,3,0,39.7540801457194,170,272,317,125,34,0,0,NA,12.6,27.506,4.67,4.7534,21.96,9537642,68.7199510051156,99.8000030517578,100,859.137961121368,61.87225342,71.36382294,1.793505,3.17975768651486,59.5501824611841,37.2700598523011,"Asia","Central Asia"
"TKM","Turkmenistan",461,0.53,194,275,395,476,275,222,481,28,0,60.8973577235773,NA,0,301,246,7,209,0,NA,17.5,52.516,4.03,4.4273,21.25099741,6031187,12.8342242461643,99.6999969482422,100,7612.03518009452,500.00643921,81.90744781,NA,4.7680229473405,64.4401943228545,30.791782729805,"Asia","Central Asia"
"TLS","Timor",462,40.41,111,305,365,559,437,140,297,265,420,50.8007640067912,121,533,115,89,69,32,1,0.0750119402985074,2.9,31.32,5.9,1.7555,29.1,1318442,88.6645595158036,68.0668334960938,100,1442.73073825015,92.67004395,13.05520725,14.726072,4.28307589622624,58.8849743447774,36.8319497589964,"Asia","South-eastern Asia"
"TON","Tonga",537,47.82,573,763,0,97,88,14,65,580,0,43.6854871794874,823,0,56,126,63,97,0,NA,45.9,23.099,2.6,4.3349,41.24872764,105697,146.801388888889,99.4143676757813,99.8125919313455,4624.82344882844,242.37277222,13.68886662,0.009367,5.91986375892899,59.3150101707744,34.7651260702966,"Oceania","Polynesia"
"TTO","Trinidad and Tobago",506,46.89,96,96,574,574,89,136,598,224,598,74.1561139028477,118,424,135,78,63,0,70,0.3398,19.7,53.214,3.02,4.2639,70.6,1399491,272.805263157895,98.6999969482422,100,15425.6351094785,1167.93310547,53.95791626,40.850835,11.5146396396396,68.4231661864911,20.0621941738693,"Americas","Latin America and the Caribbean"
"TUN","Tunisia",437,46.89,229,229,441,441,81,81,476,408,168,60.5040856672158,80,563,563,80,61,118,47,0.241576119402985,27.3,69.568,2.18,2.5136,71.9,11818618,76.0724639546859,79.0364303588867,100,3521.59194808639,233.05931091,42.49828339,59.715239,8.87294869222876,66.8363706453351,24.2906806624361,"Africa","Northern Africa"
"TUR","Turkey",446,65.13,158,158,512,512,481,21,593,290,477,64.1245333333337,97,454,308,102,13,0,435,1.68775074626866,32.2,76.105,2.85,3.0027,77.67,84339067,109.583913049128,96.7422103881836,100,8536.43331960632,396.46682739,22.08143234,94.45825,8.98106567861368,67.0768767219111,23.9420575994752,"Asia","Western Asia"
"TZA","Tanzania",566,0.57,110,NA,0,432,NA,0,20,0,0,20.5753613445378,524,146,146,524,260,153,0,NA,7.1,35.227,0.7,0.5843,22,59734213,67.4353273876722,77.8872299194336,100,1076.46970642052,40.34330368,22.97167206,0.425279,2.64358863792274,53.8019833121445,43.5544280499328,"Africa","Sub-Saharan Africa"
"UGA","Uganda",506,6.06,126,126,457,544,84,42,586,560,44,68.112983050848,551,119,232,81,41,191,0,0.0569880597014926,4.1,24.954,0.5,1.2382,19.9,45741000,228.111909036505,76.5274963378906,100,822.027681531666,32.40844345,42.86341858,2.677452,1.9856996152271,51.9984179622456,46.0158824225273,"Africa","Sub-Saharan Africa"
"UKR","Ukraine",517,23.57,94,94,449,576,444,49,594,0,390,60.7029769736844,71,599,546,84,35,194,55,0.48730447761194,26.1,69.608,7.46,6.661,75.03790912,44134693,76.1730980324474,99.9743499755859,100,3724.93843689756,248.13348389,54.529953,70.354994,16.9491433186105,67.0603388750321,15.9905178063575,"Europe","Eastern Europe"
"URY","Uruguay",440,78.19,148,NA,0,522,439,16,596,11,103,56.886070234114,77,581,586,78,72,475,354,1.62773731343284,28.9,95.515,2.43,7.2173,86.1,3473727,19.8476002742544,98.7703475952148,22.3857446597034,15438.4116657291,1660.95288086,33.39944839,113.022043,15.0876723291678,64.5772987537892,20.3350289170431,"Americas","Latin America and the Caribbean"
"USA","United States",454,66.81,69,96,574,601,78,104,592,248,0,59.5597996918331,86,527,554,86,58,597,539,2.8094552238806,37.3,82.664,2.87,15.685,90.9,331501080,36.2398446775156,NA,3.34317037021352,63206.5210767941,10921.01269531,49.15672684,138.280882,16.6309257142475,64.9973268643096,18.3717474214429,"Americas","Northern America"
"UZB","Uzbekistan",456,39.78,84,84,476,586,80,48,349,141,295,53.6239261744967,91,562,557,83,28,20,0,NA,15.3,50.416,3.98,11.2804,71.1,34232050,77.7021030291337,99.9999465942383,100,1750.69711321291,98.57316589,58.36039734,5.479853,4.78885619116774,66.4110973900394,28.8000464187928,"Asia","Central Asia"
"VEN","Venezuela",676,34.58,79,79,591,591,75,439,595,582,0,84.935494137353,461,209,589,81,40,542,0,NA,25.2,88.279,0.87,2.0663,61.6,28435943,32.2384706082422,97.1270904541016,99.9336624316864,16055.6453173826,338.82537842,53.91928101,14.184001,7.97269933752849,64.7646253297763,27.2626753326952,"Americas","Latin America and the Caribbean"
"VIR","United States Virgin Islands",383,NA,296,296,374,374,82,68,487,87,639,45.8485519591139,252,345,223,447,31,182,250,1.31365074626865,NA,95.939,NA,NA,64.3774943,106290,303.685714285714,NA,40,38136.6657604365,NA,NA,NA,20.4960497965047,60.2480248982523,19.255925305243,"Americas","Latin America and the Caribbean"
"VNM","Vietnam",468,58.4,75,321,349,595,86,139,586,375,435,64.9663734567901,99,369,404,196,26,469,41,0.191194029850746,2.1,37.34,2.6,1.4463,70.3,97338583,313.924542845164,95.7538681030273,100,2785.72416087603,180.71818542,55.23139954,9.383039,7.86601168689755,68.9399513424169,23.1940369706856,"Asia","South-eastern Asia"
"VUT","Vanuatu",518,20.98,664,796,0,6,796,0,155,0,355,22.8611235955057,98,89,227,169,85,0,0,NA,23.5,25.525,NA,1.4205,25.71978784,307150,25.1968826907301,87.5063095092773,99.9999999872286,2870.08930028914,104.2496109,11.6769371,0.01908,3.60871900893715,57.9810838529033,38.4101971381595,"Oceania","Melanesia"
"YEM","Yemen",475,1.07,286,NA,0,384,NA,0,403,408,0,35.1218596491227,NA,0,0,NA,286,0,0,NA,14.1,37.908,0.71,0.7852,26.71835477,29825968,56.4917855181166,NA,100,758.145241569423,73.17674255,82.03360748,0.321115,2.93098321985502,58.2367865796391,38.8322302005058,"Asia","Western Asia"
"ZAF","South Africa",532,25.53,91,121,549,579,85,36,577,544,604,56.696619273302,111,531,521,149,75,454,25,0.459053731343284,27,67.354,2.3,1.3078,70,59308690,48.8905934431905,95.0229721069336,100,5655.86765390396,546.68841553,40.13647079,48.667869,5.50943883602892,65.6894360674633,28.8011250965078,"Africa","Sub-Saharan Africa"
"ZMB","Zambia",447,1.64,106,106,557,564,122,6,406,23,311,44.7400168634066,664,6,441,87,77,200,0,0.20414776119403,6.5,44.629,2,1.0227,19.8,18383956,24.7298941336311,86.7479629516602,100,985.132436038869,69.32437897,16.21423721,11.084922,2.1320221900021,53.8505887334907,44.0173890765072,"Africa","Sub-Saharan Africa"
"ZWE","Zimbabwe",426,21.97,124,124,519,546,89,123,581,496,0,69.3378849407782,98,328,0,690,99,223,0,0.134041791044776,12.3,32.242,1.7,1.9346,29.3,14862927,38.4203877471888,88.6934204101563,100,1214.50982023534,103.02827223,52.81442505,8.810992,3.01417809846838,55.0747215016372,41.9111003998944,"Africa","Sub-Saharan Africa"
